{"bounds":[-0.1875,-0.1875,-0.1875,0.1875,0.1875,-0.1875],
"faces":[{"texture":0,
"vertices":[[0.1875,-0.1875,-0.1875,0.0,-1.0,-8.68749516769e-15,1.0,0.375],
[-0.1875,-0.1875,0.1875,0.0,-1.0,-8.68749516769e-15,0.625,-2.22044604925e-16],
[-0.1875,-0.1875,-0.1875,0.0,-1.0,-8.68749516769e-15,0.625,0.375],
[0.1875,-0.1875,0.1875,0.0,-1.0,-8.68749516769e-15,1.0,-2.22044604925e-16]],
"triangles":[[0,1,2],
[1,0,3]]},
{"texture":0,
"vertices":[[0.1875,-0.1875,0.1875,0.0,1.0,0.0,1.0,0.375],
[-0.1875,-0.1875,-0.1875,0.0,1.0,0.0,0.625,-2.22044604925e-16],
[-0.1875,-0.1875,0.1875,0.0,1.0,0.0,0.625,0.375],
[0.1875,-0.1875,-0.1875,0.0,1.0,0.0,1.0,-2.22044604925e-16]],
"triangles":[[0,1,2],
[1,0,3]]}]}