{"bounds":[0.0,-0.125,0.0,0.125,0.125,0.1875],
"faces":[{"texture":0,
"vertices":[[0.125,0.0,-0.125,0.0,-1.0,0.0,0.1875,0.4375],
[0.125,0.0,0.125,0.0,-1.0,0.0,0.1875,0.5625],
[0.0,0.0,0.0,0.0,-1.0,0.0,0.25,0.5]],
"triangles":[[0,1,2]]},
{"texture":0,
"vertices":[[0.125,0.1875,-0.125,0.0,1.0,0.0,0.1875,0.5625],
[0.0,0.1875,0.0,0.0,1.0,0.0,0.25,0.5],
[0.125,0.1875,0.125,0.0,1.0,0.0,0.1875,0.4375]],
"triangles":[[0,1,2]]},
{"texture":0,
"vertices":[[0.125,0.0,-0.125,1.0,0.0,2.8449465006e-15,0.0,0.5625],
[0.125,0.1875,0.125,1.0,0.0,2.8449465006e-15,0.09375,0.4375],
[0.125,0.0,0.125,1.0,0.0,2.8449465006e-15,0.0,0.4375],
[0.125,0.1875,-0.125,1.0,0.0,2.8449465006e-15,0.09375,0.5625]],
"triangles":[[0,1,2],
[1,0,3]]}]}